4891338004527, 个人护理, ./pic/个人护理/4891338004527.jpg
4891338005692, 个人护理, ./pic/个人护理/4891338005692.jpg
6901070600173, 个人护理, ./pic/个人护理/6901070600173.jpg
6902088113723, 个人护理, ./pic/个人护理/6902088113723.jpg
6902088113730, 个人护理, ./pic/个人护理/6902088113730.jpg
6902088311150, 个人护理, ./pic/个人护理/6902088311150.jpg
6902088603712, 个人护理, ./pic/个人护理/6902088603712.jpg
6903148044971, 个人护理, ./pic/个人护理/6903148044971.jpg
6903148045183, 个人护理, ./pic/个人护理/6903148045183.jpg
6903148048092, 个人护理, ./pic/个人护理/6903148048092.jpg
6903148054215, 个人护理, ./pic/个人护理/6903148054215.jpg
6903148064863, 个人护理, ./pic/个人护理/6903148064863.jpg
6903148091470, 个人护理, ./pic/个人护理/6903148091470.jpg
6903148091531, 个人护理, ./pic/个人护理/6903148091531.jpg
6903148094426, 个人护理, ./pic/个人护理/6903148094426.jpg
6903148144442, 个人护理, ./pic/个人护理/6903148144442.jpg
6903148144541, 个人护理, ./pic/个人护理/6903148144541.jpg
6903388512001, 个人护理, ./pic/个人护理/6903388512001.jpg
6920354810107, 个人护理, ./pic/个人护理/6920354810107.jpg
6902538004045, 功能饮料, ./pic/功能饮料/6902538004045.jpg
6902538005141, 功能饮料, ./pic/功能饮料/6902538005141.jpg
6902538005387, 功能饮料, ./pic/功能饮料/6902538005387.jpg
6902538006100, 功能饮料, ./pic/功能饮料/6902538006100.jpg
6902538006261, 功能饮料, ./pic/功能饮料/6902538006261.jpg
6902538006278, 功能饮料, ./pic/功能饮料/6902538006278.jpg
6920202888883, 功能饮料, ./pic/功能饮料/6920202888883.jpg
6921168504015, 功能饮料, ./pic/功能饮料/6921168504015.jpg
6921168504022, 功能饮料, ./pic/功能饮料/6921168504022.jpg
6925303754112, 功能饮料, ./pic/功能饮料/6925303754112.jpg
6925303754259, 功能饮料, ./pic/功能饮料/6925303754259.jpg
6932529211107, 功能饮料, ./pic/功能饮料/6932529211107.jpg
6934024590268, 功能饮料, ./pic/功能饮料/6934024590268.jpg
6934024590367, 功能饮料, ./pic/功能饮料/6934024590367.jpg
6901757301027, 包装熟食, ./pic/包装熟食/6901757301027.jpg
6928497820038, 包装熟食, ./pic/包装熟食/6928497820038.jpg
6933066000216, 包装熟食, ./pic/包装熟食/6933066000216.jpg
6933180126663, 包装熟食, ./pic/包装熟食/6933180126663.jpg
6940480001248, 包装熟食, ./pic/包装熟食/6940480001248.jpg
6951957202013, 包装熟食, ./pic/包装熟食/6951957202013.jpg
6951957202020, 包装熟食, ./pic/包装熟食/6951957202020.jpg
6951957202044, 包装熟食, ./pic/包装熟食/6951957202044.jpg
6951957202174, 包装熟食, ./pic/包装熟食/6951957202174.jpg
6951957202181, 包装熟食, ./pic/包装熟食/6951957202181.jpg
6913189335655, 干果小吃, ./pic/干果小吃/6913189335655.jpg
6920242100280, 干果小吃, ./pic/干果小吃/6920242100280.jpg
6920753635516, 干果小吃, ./pic/干果小吃/6920753635516.jpg
6920753635523, 干果小吃, ./pic/干果小吃/6920753635523.jpg
6922133606086, 干果小吃, ./pic/干果小吃/6922133606086.jpg
6925843404225, 干果小吃, ./pic/干果小吃/6925843404225.jpg
6925843404249, 干果小吃, ./pic/干果小吃/6925843404249.jpg
6940188803618, 干果小吃, ./pic/干果小吃/6940188803618.jpg
6942910300143, 干果小吃, ./pic/干果小吃/6942910300143.jpg
6948004700400, 干果小吃, ./pic/干果小吃/6948004700400.jpg
716221050587, 干果小吃, ./pic/干果小吃/716221050587.jpg
8857122514012, 干果小吃, ./pic/干果小吃/8857122514012.jpg
8935034312022, 干果小吃, ./pic/干果小吃/8935034312022.jpg
9556437002632, 干果小吃, ./pic/干果小吃/9556437002632.jpg
9556437002649, 干果小吃, ./pic/干果小吃/9556437002649.jpg
9556437002656, 干果小吃, ./pic/干果小吃/9556437002656.jpg
9556437005848, 干果小吃, ./pic/干果小吃/9556437005848.jpg
9556437006623, 干果小吃, ./pic/干果小吃/9556437006623.jpg
9556437007408, 干果小吃, ./pic/干果小吃/9556437007408.jpg
9556437008757, 干果小吃, ./pic/干果小吃/9556437008757.jpg
6902447168708, 方便素食, ./pic/方便素食/6902447168708.jpg
6903252042719, 方便素食, ./pic/方便素食/6903252042719.jpg
6904417011274, 方便素食, ./pic/方便素食/6904417011274.jpg
6920238012115, 方便素食, ./pic/方便素食/6920238012115.jpg
6920238066019, 方便素食, ./pic/方便素食/6920238066019.jpg
6920238083016, 方便素食, ./pic/方便素食/6920238083016.jpg
6920238083023, 方便素食, ./pic/方便素食/6920238083023.jpg
6921555508206, 方便素食, ./pic/方便素食/6921555508206.jpg
6925303713058, 方便素食, ./pic/方便素食/6925303713058.jpg
6925303773106, 方便素食, ./pic/方便素食/6925303773106.jpg
6925303773908, 方便素食, ./pic/方便素食/6925303773908.jpg
6925303774141, 方便素食, ./pic/方便素食/6925303774141.jpg
6925303791223, 方便素食, ./pic/方便素食/6925303791223.jpg
6930720110519, 方便素食, ./pic/方便素食/6930720110519.jpg
6957565500015, 方便素食, ./pic/方便素食/6957565500015.jpg
4712134663063, 果汁茶饮, ./pic/果汁茶饮/4712134663063.jpg
4891599366808, 果汁茶饮, ./pic/果汁茶饮/4891599366808.jpg
6905069998814, 果汁茶饮, ./pic/果汁茶饮/6905069998814.jpg
6921168558049, 果汁茶饮, ./pic/果汁茶饮/6921168558049.jpg
6921317905014, 果汁茶饮, ./pic/果汁茶饮/6921317905014.jpg
6921317905168, 果汁茶饮, ./pic/果汁茶饮/6921317905168.jpg
6921317989465, 果汁茶饮, ./pic/果汁茶饮/6921317989465.jpg
6921317998436, 果汁茶饮, ./pic/果汁茶饮/6921317998436.jpg
6921317998825, 果汁茶饮, ./pic/果汁茶饮/6921317998825.jpg
6921581530059, 果汁茶饮, ./pic/果汁茶饮/6921581530059.jpg
6924254685971, 果汁茶饮, ./pic/果汁茶饮/6924254685971.jpg
6924254688163, 果汁茶饮, ./pic/果汁茶饮/6924254688163.jpg
6925303721039, 果汁茶饮, ./pic/果汁茶饮/6925303721039.jpg
6925303721367, 果汁茶饮, ./pic/果汁茶饮/6925303721367.jpg
6925303721398, 果汁茶饮, ./pic/果汁茶饮/6925303721398.jpg
6925303721671, 果汁茶饮, ./pic/果汁茶饮/6925303721671.jpg
6925303723934, 果汁茶饮, ./pic/果汁茶饮/6925303723934.jpg
6925303730574, 果汁茶饮, ./pic/果汁茶饮/6925303730574.jpg
6956416200029, 果汁茶饮, ./pic/果汁茶饮/6956416200029.jpg
6956416200067, 果汁茶饮, ./pic/果汁茶饮/6956416200067.jpg
6956416200166, 果汁茶饮, ./pic/果汁茶饮/6956416200166.jpg
6957735788861, 果汁茶饮, ./pic/果汁茶饮/6957735788861.jpg
8801105000535, 果汁茶饮, ./pic/果汁茶饮/8801105000535.jpg
8801105001198, 果汁茶饮, ./pic/果汁茶饮/8801105001198.jpg
8801105909869, 果汁茶饮, ./pic/果汁茶饮/8801105909869.jpg
8801128945462, 果汁茶饮, ./pic/果汁茶饮/8801128945462.jpg
8809102320434, 果汁茶饮, ./pic/果汁茶饮/8809102320434.jpg
6911988011602, 蛋糕面包, ./pic/蛋糕面包/6911988011602.jpg
6911988014825, 蛋糕面包, ./pic/蛋糕面包/6911988014825.jpg
6920731701103, 蛋糕面包, ./pic/蛋糕面包/6920731701103.jpg
6920731701202, 蛋糕面包, ./pic/蛋糕面包/6920731701202.jpg
6920731704302, 蛋糕面包, ./pic/蛋糕面包/6920731704302.jpg
6920907801323, 蛋糕面包, ./pic/蛋糕面包/6920907801323.jpg
6920907803020, 蛋糕面包, ./pic/蛋糕面包/6920907803020.jpg
6920912359901, 蛋糕面包, ./pic/蛋糕面包/6920912359901.jpg
6942886302110, 蛋糕面包, ./pic/蛋糕面包/6942886302110.jpg
6943931200771, 蛋糕面包, ./pic/蛋糕面包/6943931200771.jpg
6943931200788, 蛋糕面包, ./pic/蛋糕面包/6943931200788.jpg
6956159700060, 蛋糕面包, ./pic/蛋糕面包/6956159700060.jpg
6923146102046, 计生用品, ./pic/计生用品/6923146102046.jpg
4893888001575, 调味料, ./pic/调味料/4893888001575.jpg
6902007010010, 调味料, ./pic/调味料/6902007010010.jpg
6902007010775, 调味料, ./pic/调味料/6902007010775.jpg
6902265111719, 调味料, ./pic/调味料/6902265111719.jpg
6902265120506, 调味料, ./pic/调味料/6902265120506.jpg
6902265150015, 调味料, ./pic/调味料/6902265150015.jpg
6902265240501, 调味料, ./pic/调味料/6902265240501.jpg
6902265360100, 调味料, ./pic/调味料/6902265360100.jpg
6904691958012, 调味料, ./pic/调味料/6904691958012.jpg
6904800168189, 调味料, ./pic/调味料/6904800168189.jpg
6906303999888, 调味料, ./pic/调味料/6906303999888.jpg
6907592001245, 调味料, ./pic/调味料/6907592001245.jpg
6909689200005, 调味料, ./pic/调味料/6909689200005.jpg
6915249222288, 调味料, ./pic/调味料/6915249222288.jpg
6920564190013, 调味料, ./pic/调味料/6920564190013.jpg
6921204802204, 调味料, ./pic/调味料/6921204802204.jpg
6921804700054, 调味料, ./pic/调味料/6921804700054.jpg
6922824001268, 调味料, ./pic/调味料/6922824001268.jpg
6923329801162, 调味料, ./pic/调味料/6923329801162.jpg
6923424301833, 调味料, ./pic/调味料/6923424301833.jpg
6923807807129, 调味料, ./pic/调味料/6923807807129.jpg
6924739940564, 调味料, ./pic/调味料/6924739940564.jpg
6932107253178, 调味料, ./pic/调味料/6932107253178.jpg
6935420100365, 调味料, ./pic/调味料/6935420100365.jpg
6935420100617, 调味料, ./pic/调味料/6935420100617.jpg
6935420101690, 调味料, ./pic/调味料/6935420101690.jpg
6935953361493, 调味料, ./pic/调味料/6935953361493.jpg
6936749501109, 调味料, ./pic/调味料/6936749501109.jpg
4710199087701, 饼干蛋卷, ./pic/饼干蛋卷/4710199087701.jpg
5000159440103, 饼干蛋卷, ./pic/饼干蛋卷/5000159440103.jpg
6901668001566, 饼干蛋卷, ./pic/饼干蛋卷/6901668001566.jpg
6901668054074, 饼干蛋卷, ./pic/饼干蛋卷/6901668054074.jpg
6901845040951, 饼干蛋卷, ./pic/饼干蛋卷/6901845040951.jpg
6901845040968, 饼干蛋卷, ./pic/饼干蛋卷/6901845040968.jpg
6901845041606, 饼干蛋卷, ./pic/饼干蛋卷/6901845041606.jpg
6904682124013, 饼干蛋卷, ./pic/饼干蛋卷/6904682124013.jpg
6911988000309, 饼干蛋卷, ./pic/饼干蛋卷/6911988000309.jpg
6911988000316, 饼干蛋卷, ./pic/饼干蛋卷/6911988000316.jpg
6911988000323, 饼干蛋卷, ./pic/饼干蛋卷/6911988000323.jpg
6911988000682, 饼干蛋卷, ./pic/饼干蛋卷/6911988000682.jpg
6911988009760, 饼干蛋卷, ./pic/饼干蛋卷/6911988009760.jpg
6911988009777, 饼干蛋卷, ./pic/饼干蛋卷/6911988009777.jpg
6911988009784, 饼干蛋卷, ./pic/饼干蛋卷/6911988009784.jpg
6914782083219, 饼干蛋卷, ./pic/饼干蛋卷/6914782083219.jpg
6914782083226, 饼干蛋卷, ./pic/饼干蛋卷/6914782083226.jpg
6914782203327, 饼干蛋卷, ./pic/饼干蛋卷/6914782203327.jpg
6916296970047, 饼干蛋卷, ./pic/饼干蛋卷/6916296970047.jpg
6919892111302, 饼干蛋卷, ./pic/饼干蛋卷/6919892111302.jpg
6919892113306, 饼干蛋卷, ./pic/饼干蛋卷/6919892113306.jpg
6919892311009, 饼干蛋卷, ./pic/饼干蛋卷/6919892311009.jpg
6919892441102, 饼干蛋卷, ./pic/饼干蛋卷/6919892441102.jpg
6919892633200, 饼干蛋卷, ./pic/饼干蛋卷/6919892633200.jpg
6919892633309, 饼干蛋卷, ./pic/饼干蛋卷/6919892633309.jpg
6919892654205, 饼干蛋卷, ./pic/饼干蛋卷/6919892654205.jpg
6919892656100, 饼干蛋卷, ./pic/饼干蛋卷/6919892656100.jpg
6920262320071, 饼干蛋卷, ./pic/饼干蛋卷/6920262320071.jpg
6920907808018, 饼干蛋卷, ./pic/饼干蛋卷/6920907808018.jpg
6920907808070, 饼干蛋卷, ./pic/饼干蛋卷/6920907808070.jpg
6922824588967, 饼干蛋卷, ./pic/饼干蛋卷/6922824588967.jpg
6922824589131, 饼干蛋卷, ./pic/饼干蛋卷/6922824589131.jpg
6935133801511, 饼干蛋卷, ./pic/饼干蛋卷/6935133801511.jpg
8801117277406, 饼干蛋卷, ./pic/饼干蛋卷/8801117277406.jpg
9556121024025, 饼干蛋卷, ./pic/饼干蛋卷/9556121024025.jpg
9556291800610, 饼干蛋卷, ./pic/饼干蛋卷/9556291800610.jpg
9556291800726, 饼干蛋卷, ./pic/饼干蛋卷/9556291800726.jpg
